Sentiment,Text
positive,How faith helps me as a scientist: epidemiologist Raina MacIntyre
neutral,Will an IMF deal help Sri Lankans?
neutral,Advanced adulting: The reliable salve for a wounded relationship
neutral,Engie CEO: Energy markets are facing a turning point
neutral,Cast and caste: When Hollywood plays the race card
positive,"From El Chapo to the Pan Am bombing, essays on all sorts of villainy"
neutral,‘Incredible resilience:’ Why Stengle is the Cats’ finals wildcard
neutral,What if whiteness vanished? Mohsin Hamid imagines a race-free future
positive,Arco Vara AS-i dividendimakse ex-pev
neutral,IFA 2022: Společnost Dreame Technology představuje evropskm spotřebitelům širokou šklu inovativnch produktů pro klid domcnost
neutral,IFA 2022: Dreame представляет в Европе ряд инновационных устройств для уборки помещений
positive,"USD 1.33 billion Growth in Grinding Machinery Market Size with 44% of the Contribution from APAC - 17,000+ Technavio Reports"
neutral,Emerging Markets Slide After Jackson Hole. Bonds May Be a Buying Opportunity.
positive,European markets set to nudge higher ahead of U.S. jobs report
neutral,Russia Gas Flows Look Set to Resume on Nord Stream After Works
positive,"Banks battle back-to-office fatigue with ping pong, snacks, indoor gardens"
neutral,ASIC warns life insurers over  ‘unwarranted’ surveillance
negative,ScoPo’s Powerplays: ASX health stocks finish reporting season in pretty strong shape
neutral,"Myanmar's deposed former leader Aung San Suu Kyi sentenced to jail, hard labor"
neutral,Equinor completes Russia exit due Ukraine war
positive,UST recibe la certificacin Great Place to Work™ 2022 en los Estados Unidos y Mxico
neutral,In Defense of Quiet Quitting
neutral,"Společnost EcoFlow uvd DELTA 2, nezbytn spotřebič pro každou rodinu, kter nabz špičkovou rychlost dobjen"
neutral,EcoFlow запускает DELTA 2 -- незаменимый прибор для каждой семьи
positive,"EcoFlow bringt DELTA 2, die innovative, portable Strom- und Solarlsung - fr Verbraucher und Familien auf den deutschen Markt."
neutral,"EcoFlow wprowadza na rynek DELTA 2, generator prądu dla każdej rodziny o najlepszych w branży prędkościach ładowania"
positive,"Faster, Higher, Stronger: EcoFlow's DELTA 2 is the New Best-In-Class 1kWh Portable Power Station"
negative,Lufthansa pilots stage strike in wage dispute
positive,Compagnie Financire Tradition: Net profit Group share up 46.4% to CHF 51.1m
neutral,From Luna to Artemis: Exploring the Moon across eight decades
neutral,Nadal bleeds on court after freak accident
neutral,The best things to see and do in Sydney in September
negative,Britain's banks are giving staff one-off crisis payments. But they're being urged to do much more
neutral,"Today’s ‘Quordle’ Words, Answers And Clues For Friday, September 2"
neutral,Williams sisters crash out of women's doubles
neutral,Australia Post to close around 30 branches across the country
positive,‘Tendency to assault homosexuals’:  Alleged killer in gay beat crime granted bail
neutral,UK Probes Grade Inflation After ‘Sharp Increase’ in Top Degrees at Universities
neutral,Kyrgios hands broken racquet to fan
neutral,NHC sees tropical storm Danielle becoming hurricane on Friday
positive,"The summer market comeback was a textbook bear market bounce, history shows"
neutral,Deadline White House Exclusive: Former National Intelligence Official Sue Gordon speaks with Nicolle Wallace
neutral,Form 8.5 (EPT/RI) - Lamprell Plc
neutral,Bekaert - Mise  jour relative au Programme de Rachat d’Actions et au Contrat de Liquidit
neutral,Bekaert - Update over het Inkoop van Eigen Aandelen Programma en de Liquiditeitsovereenkomst
neutral,Spar Nord udsteder af Senior Non-Preferred obligationer for NOK 800 mio. og SEK 350 mio.
negative,"Russian banks lost $25 bln in first half, central bank tells RBC"
neutral,"Trump is ""obviously thinking about"" running for U.S. president in 2024 - Kushner"
positive,"Riverfire 2022: Super Hornets return, plus your guide to best spots"
positive,G7 finance chiefs seen advancing Russian oil price cap plan
neutral,InMode Is On Its Launching Pad Again
neutral,Australia's female spy boss says a 'concrete block' stops women's careers
neutral,Bekaert reconduit son contrat de liquidit
neutral,China railway travel hits 8-year low in summer months on virus flare-ups
neutral,Mowi ASA: Ex-dividend NOK 2.30 today
negative,The official trailer for Vampire Academy
positive,North Korea denounces UN human rights expert as US ‘puppet’
neutral,"SGS acquires Penumbra Security, expanding U.S. footprint"
neutral,Tiny discovery in China could be a big deal in stopping Covid
neutral,Florida couple accused of burning raccoon alive
neutral,Tour de Wollongong
positive,Cycle up Mount (un)Pleasant
positive,"Nidec Elevates Kobe as Seki, Once Seen as CEO Successor, Resigns"
neutral,Aeva To Showcase 4D LiDAR Technology At ADAS & Autonomous Vehicle Technology Expo 2022
positive,Temperatures up to 105 expected at Burning Man as Black Rock Desert becomes an oven
neutral,California regulators launch investigation into Kaiser's mental health care during strike
negative,"Piper Sandler ups Tesla price target, but warns of vehicle price cuts ahead"
neutral,Play on: England’s football clubs are playthings for the global elite
neutral,Aeva To Showcase 4D LiDAR Technology At ADAS & Autonomous Vehicle Technology Expo 2022
neutral,AWSがアラブ首長国連邦にリージョンを開設
positive,SoftBank to cut Vision Fund by at least 20% after record $23B loss: report
neutral,"Dow, LyondellBasell downgraded at JPMorgan Chase on recession worries"
neutral,Macro Briefing: 2 September 2022
negative,India’s Ample Rice Reserves Mean No Need to Panic Yet
neutral,Cenntro Electric introduces Logistar 260 all-electric commercial van
neutral,Rocket Lab takes another step forward in goal to reuse orbital rockets
neutral,"Precision BioSciences appoints chief business officer from within ranks, rejigs co-founders' roles"
negative,Resumen: Burger King har crecer su icnica marca de restaurantes en Polonia con el nuevo franquiciado principal McWin
neutral,The Crew Real Estate Joins The Real Brokerage
neutral,Bear of the Day: Cars.com (CARS)
neutral,Should iShares Morningstar MidCap Value ETF (IMCV) Be on Your Investing Radar?
neutral,Form 8.3 - [EMIS Group plc - 01 09 2022] - (CGWL)
neutral,Form 8.3 - [CareTech Holdings plc - 01 09 2022] - (CGWL)
positive,Swedish central bank appoints new deputy governor
positive,How To (Re)Build Trust At Work
neutral,The New Starbucks CEO Has a Tall Order To Fill
positive,5 Steps To Create A Contingency Plan For Your Agency
neutral,Energy Transfer: 2 ReasonsThe 'Kelcy Warren Discount' Is Not Warranted
neutral,"Value of Power Tiller Market Estimated at US$ 2.3 Billion by 2031, TMR Study"
positive,Sulfuric Acid Market worth $28.5 Billion by 2027 - Exclusive Report by MarketsandMarkets™
positive,CME Group Reports 22% ADV Growth in August 2022
neutral,Roosters roll on as bitter clash leaves Souths with sour taste
positive,NSA to developers: We've got some software supply chain security tips for you
neutral,Argentine president strongly condemns attempted attack on vice president
neutral,Wayne Bank Ranks in Top 100 Performing Banks in U.S.
neutral,Navient President and CEO to present atBarclays 2022 Global Financial Services Conference on Sept. 13
neutral,Dcouvrez la XL Collection de TCL Europe  l'IFA 2022
neutral,Intercept cuts debt further with deal to exchange convertible debt
neutral,Astria Therapeutics Announces Inducement Grants Under Nasdaq Listing Rule 5635(c)(4)
positive,"As Nation’s Obesity Epidemic Continues to Rise, Physicians Slam USDA for $21.9 Million Effort to Market Meat to Americans"
